Customer Name,Address,Phone
Emma Wilson,221B Baker Street London NW1 6XE,07700 900111
James Smith,10 Downing Street London SW1A 2AA,07700 900112
Olivia Brown,30 St Mary Axe London EC3A 8BF,07700 900113
Noah Jones,1 London Bridge Street London SE1 9GF,07700 900114
Sophia Taylor,150 Oxford Street London W1D 1DJ,07700 900115
Liam Davies,200 Aldersgate Street London EC1A 4HD,07700 900116
Ava Evans,1 Lombard Street London EC3V 9AA,07700 900117
Ethan Roberts,8 Salisbury Square London EC4Y 8AP,07700 900118
Mia Thompson,55 Bishopsgate London EC2N 3AS,07700 900119
Lucas Walker,33 Cavendish Square London W1G 0PW,07700 900120
Charlotte Hall,1 Westminster Bridge Road London SE1 7BU,07700 900121
Mason Green,30 Cannon Street London EC4M 6XH,07700 900122
Amelia Wood,80 Strand London WC2R 0DT,07700 900123
Logan Wright,40 Holborn Viaduct London EC1N 2PB,07700 900124
Harper Edwards,160 Tottenham Court Road London W1T 7LU,07700 900125
Jackson Hill,1 Knightsbridge London SW1X 7LX,07700 900126
Evelyn Cooper,25 Old Broad Street London EC2N 1HQ,07700 900127
Aiden Bailey,90 Long Acre London WC2E 9RA,07700 900128
Abigail Murphy,55 Baker Street London W1U 7EU,07700 900129
Elijah Bell,1 Canada Square London E14 5AB,07700 900130
Emily Campbell,5 Howick Place London SW1P 1WG,07700 900131
Michael Mitchell,1 Poultry London EC2R 8EJ,07700 900132
Sofia Carter,10 Brock Street London NW1 3FG,07700 900133
Daniel Phillips,1 Angel Court London EC2R 7HJ,07700 900134
